,AlphaName,SP,Pro Daily Mean,Pro Total
0,alpha001,-0.057439384318114475,-3.315889806158539e-05,0.9214482794339472
0,alpha002,-0.08461840177777497,-5.72081314877643e-05,0.8836592913540526
0,alpha003,1.0769829008055753,0.0006371438861756376,1.650214503437145
0,alpha005,-0.6226552307650817,-0.00037400041503490665,0.6823541002762895
0,alpha007,-0.10760119901479441,-7.338961009568629e-05,0.8704710038085032
0,alpha008,-0.3604963726992827,-0.00023782985651207486,0.7573925954128697
0,alpha009,0.04364931816372996,2.8488620671112446e-05,0.9576698586405722
0,alpha010,-1.1452804650488178,-0.0008702673568505809,0.4261288219302204
0,alpha011,1.7269361894964885,0.0012244733045877168,2.6939002694816296
0,alpha012,0.0020728901703420716,1.2754960260286624e-06,0.9426448269464485
0,alpha013,-0.023587788234284084,-1.4589178677213594e-05,0.9285760291295875
0,alpha014,0.5679634333423071,0.0003699231944828751,1.291682846959144
0,alpha015,0.22590903108072485,0.00013627613744854862,1.040861983520833
0,alpha016,0.26006545673305964,0.00013801741259595213,1.0781824613794198
0,alpha017,-0.135261505158043,-8.62524372364287e-05,0.8703578716834393
0,alpha018,0.5399156896372337,0.00046865951672749934,1.3359423105203496
0,alpha020,0.8946355678599326,0.0007780341850372416,1.7491050807751836
0,alpha021,-0.3475463795796326,-0.0002305431827850035,0.7630542243652966
0,alpha022,0.5485904897785484,0.00045926335023515366,1.334451708200869
0,alpha023,-0.27551119155733655,-0.00018330573090852834,0.7967593541463552
0,alpha024,0.2763976969657936,0.00018677532451640588,1.0947703508088649
0,alpha025,0.6816715039435465,0.0004449303465814439,1.260506394121675
0,alpha026,-0.48435476564752417,-0.00033556472353783647,0.7591773738152519
0,alpha027,0.8332174177811684,0.0007157906068575097,1.6507928674483963
0,alpha028,-0.100365919483358,-7.005793212113604e-05,0.8705945492921152
0,alpha029,1.5696091454059764,0.0012430470435227548,2.680344282843847
0,alpha031,0.4668223860041832,0.000409618339154641,1.2631640290569308
0,alpha032,-0.6662872899086973,-0.0003973973658497557,0.6671832159217442
0,alpha033,1.0349851523031912,0.0006348494743573386,1.436817067319301
0,alpha034,-0.4790139608571112,-0.0004211491280408909,0.6136184512373207
0,alpha035,-1.029446554331596,-0.0006500815343409058,0.5376649077402582
0,alpha037,0.014017635613824962,8.460449623955908e-06,0.9510923134341751
0,alpha039,-1.2565640583332254,-0.0007564414128580743,0.49432373263119367
0,alpha040,0.34041149702491086,0.00022015920246181957,1.130890149239969
0,alpha041,0.21273756524428925,0.0001359454199073236,1.0553238865832182
0,alpha042,0.3626689363694007,0.0002233118664369757,1.1436874338527458
0,alpha043,1.5098576814252762,0.0010446066051549064,2.308051837058639
0,alpha044,0.49726819648642695,0.00035462430096733525,1.2046972565086311
0,alpha045,-0.39986762833385764,-0.00026066177044126203,0.7462794892100774
0,alpha046,-0.7706441504406205,-0.0006696299257742058,0.5004979596461733
0,alpha047,-0.6851863664870801,-0.000545981203809577,0.5602988616016701
0,alpha048,-0.19376844379373914,-0.00012802881736032046,0.8362895791476768
0,alpha049,-0.3618558118512153,-0.00025945696459232315,0.7359810022317493
0,alpha050,0.3831440922001071,0.00027416545722602157,1.1697607683761235
0,alpha051,0.3736885528045637,0.00026722870684615853,1.1628778689578343
0,alpha052,1.102498788105418,0.0008343210989601079,1.864740111811341
0,alpha054,-0.12081288852929038,-7.910094317929855e-05,0.872178675235196
0,alpha055,0.26128898539876105,0.00017183863361614689,1.0830984485703283
0,alpha057,0.08166629704548883,6.299576974754792e-05,0.9611271679540357
0,alpha058,0.16267512569173295,0.0001237924263589503,1.0155063402738527
0,alpha059,-0.4025923095352913,-0.0002656702103935384,0.7428833451354309
0,alpha060,0.9020673173785005,0.00064355077109839,1.6069338813228142
0,alpha061,-0.8453060285314281,-0.0005277962426397362,0.5984981477423525
0,alpha062,-0.7274895899399569,-0.0004300888809596865,0.6486887887021082
0,alpha063,1.326830041083415,0.0010169997762482408,2.221043454021701
0,alpha065,-0.9140030446820698,-0.0007842542426274148,0.4474021275274604
0,alpha066,0.9107243804256463,0.0007790909218747422,1.7593196759304377
0,alpha067,1.1992625280108276,0.0009349449484699415,2.06002078361079
0,alpha068,-0.12879522964953116,-8.515700765566283e-05,0.8649504587944746
0,alpha070,-0.07161311782132565,-5.1306398717378314e-05,0.8805722070456986
0,alpha071,0.8418552675722222,0.0007343818589166192,1.6654419327665877
0,alpha072,-0.4300637076374191,-0.00034450687533304017,0.6676863846811895
0,alpha073,0.23043719600331924,0.00014044849770314277,1.0637034000827597
0,alpha074,0.23152876524878177,0.00013326280106521886,1.0656927248004346
0,alpha076,0.5573013643836485,0.00032246968612673093,1.2519842645736017
0,alpha077,0.5422582449744658,0.0003390114491229992,1.2517741141056793
0,alpha078,1.800214654290944,0.0013608412566534828,2.937878534641072
0,alpha079,1.2721224621404092,0.0009918049309177426,2.1652726709316887
0,alpha080,0.09055447680420221,5.9428531019220696e-05,0.9832011175562578
0,alpha081,0.9517184410366308,0.0007254499443349715,1.725828298259117
0,alpha082,-0.3806641486283839,-0.0003034200561618088,0.6930207317826432
0,alpha083,-1.3787294123135954,-0.0008489384143025875,0.45805932154160034
0,alpha084,0.5167105875849958,0.00037150643204164976,1.2696677943127648
0,alpha085,-0.593309657522247,-0.0003684776461785333,0.695522277994356
0,alpha087,-0.23061035860179047,-0.0001314928096123849,0.8479685213948217
0,alpha088,1.2573657850350157,0.0011025261583835042,2.2870188102972815
0,alpha089,0.3023609000469737,0.0002035709552947842,1.1120416851524466
0,alpha090,-0.3302925595737749,-0.0001882305590099049,0.8159340352001603
0,alpha091,0.08932794290034442,5.520576951480429e-05,0.9874819887634736
0,alpha092,-0.5082009399618084,-0.0002961299598988823,0.8034767764130882
0,alpha093,-0.9792585723993592,-0.0005936516585109669,0.5662553888375513
0,alpha094,1.2627476515005005,0.0008702977022036154,1.9464973875592346
0,alpha095,-0.47572914313692904,-0.0003417737160450589,0.6865730160372892
0,alpha096,-0.20420957955017247,-0.00015505551235349473,0.79689628340283
0,alpha097,0.7994032378115029,0.0005804581126187683,1.5251313845114223
0,alpha099,-0.988015896170312,-0.0006007918969781057,0.5724253776685176
0,alpha100,0.525309981655072,0.0003761843607090196,1.2758792487381392
0,alpha102,0.5880159411222591,0.0003945290858770269,1.3159713030945013
0,alpha104,-0.7525054720622777,-0.0004311219118336259,0.6552149388455765
0,alpha106,-0.19054823811578575,-0.0001231283196943524,0.8422419344518419
0,alpha107,0.5785078016832859,0.0003669738376588395,1.294603326675626
0,alpha108,0.29986657708806436,0.00018992527821890922,1.0964921020869092
0,alpha109,0.7401807213516081,0.0005754567475198898,1.5048450213190105
0,alpha110,1.3246805411119666,0.0009949674183606595,2.153705409228418
0,alpha111,-0.332344952512046,-0.00024980622992984674,0.7332662318645013
0,alpha112,0.6545490158979179,0.000480714829306177,1.3935907808021044
0,alpha113,0.25060317549061306,0.00014610204193586624,1.074823683687738
0,alpha114,0.7766575773859953,0.0005238368071077655,1.4702335115739185
0,alpha115,-0.03659520038498889,-2.152314489899612e-05,0.9293908284319629
0,alpha116,-0.3343692878154322,-0.00021595307544805257,0.7774133743670081
0,alpha117,1.368401278667759,0.0010157158172579431,1.824085950851293
0,alpha118,1.312437983976216,0.0009909885831561307,2.146229334430589
0,alpha119,-0.031998784609842956,-2.0519714439775513e-05,0.9226304207645873
0,alpha120,0.8887835783910548,0.0006561394304896506,1.632622073056744
0,alpha121,0.6365303738701179,0.0004329638109170768,1.3240209884432586
0,alpha122,0.10081990183110523,6.290924988651482e-05,0.9927500508582721
0,alpha124,-0.5912776852568911,-0.0003877535147769955,0.6727078152622344
0,alpha125,-0.07854048122513543,-4.548552378424027e-05,0.9138684545247232
0,alpha126,-1.132237157661076,-0.0007817817224234381,0.4651498744734356
0,alpha127,0.3625041093344989,0.00035445826527948765,1.1676595842210415
0,alpha128,0.1373268667771876,9.41381852542935e-05,1.0073559749217063
0,alpha129,-0.9505941238903726,-0.0006379491843515877,0.534369418173313
0,alpha130,-0.2847850247683699,-0.00020051819084746317,0.777635071978001
0,alpha131,-0.5405242691156569,-0.00034384183323979623,0.7024382342105315
0,alpha132,-0.8767086984441161,-0.0006209447938067083,0.5409354289921261
0,alpha133,1.2830043168852625,0.0010009319274538824,1.9744939091330826
0,alpha134,1.0566322051949588,0.0008071704214684395,1.8366304501831017
0,alpha135,0.6712052721966228,0.000624130626290396,1.492814468353688
0,alpha136,0.6210006560134937,0.00042408752461237976,1.3435833068188332
0,alpha138,-0.25484769103930227,-0.00019819539562399824,0.7732307107848408
0,alpha139,0.3622092795952229,0.00025011418292060657,1.1526260509294504
0,alpha140,-1.7894085525240258,-0.0011472326650675759,0.4482858626917317
0,alpha141,-1.1742837134168722,-0.0006002502819966802,0.5790989721100412
0,alpha142,-0.5309177097962104,-0.0003630951158360366,0.6806786933208765
0,alpha144,1.849270774084559,0.0012195920129524599,2.670070996502293
0,alpha145,-0.08307717458003398,-5.412164920757466e-05,0.8937142133987199
0,alpha146,-0.8096236232655789,-0.0005845666932789334,0.5573168401097588
0,alpha147,-0.46666736377055995,-0.00029713562487255183,0.7270042598641373
0,alpha150,0.17422997006477572,0.00012300304658357817,1.028728437197881
0,alpha151,-0.15290530155312038,-9.226408083045581e-05,0.8722427895981731
0,alpha152,1.3475168499023817,0.0010426934155651577,2.199066767140043
0,alpha153,-0.859365517874277,-0.0005524303873242901,0.5835808592524306
0,alpha155,0.9006978059649923,0.0006396806338560065,1.6183766202704044
0,alpha156,0.11587142916720251,8.279646160228374e-05,0.991306893253392
0,alpha157,-0.004066878872717343,-2.5637335096536863e-06,0.9369280457328083
0,alpha158,1.285946030586869,0.0013310441833200711,2.717885759758535
0,alpha159,0.620064199480132,0.0006883955632910688,1.4882243270219966
0,alpha160,-1.3749988200328414,-0.0008878257215310449,0.4356543420142015
0,alpha161,-0.9038216967709557,-0.0005703829872601075,0.5718723559903883
0,alpha162,0.6458635548674965,0.00046147233037722323,1.3236861804430236
0,alpha163,1.5344452430814126,0.0010015106204791092,2.214926018691908
0,alpha164,0.44162635897384406,0.0003011818242878697,1.2071716692754573
0,alpha165,0.33730430494687175,0.0002072999909569466,1.115425976335642
0,alpha166,-0.5382863250108031,-0.00042336730206222025,0.6368340587719613
0,alpha167,-0.731183225791486,-0.00047166700754332235,0.6209691236277898
0,alpha168,-0.25709332373631694,-0.0001714114344875207,0.8044633194115973
0,alpha169,0.4469408143781058,0.0002670097618825599,1.1877317216665209
0,alpha170,-0.8118196052385447,-0.000500063315058386,0.6125023508187388
0,alpha171,-0.5335191131104872,-0.00039104416862334343,0.6500911226976533
0,alpha172,0.9704025406150086,0.0006039343319116149,1.5828109074267218
0,alpha173,-1.041192937468532,-0.0007149220108897609,0.49382700076537756
0,alpha174,-1.467157663194035,-0.0009379841984596609,0.4182287286898899
0,alpha175,-0.6475141447443361,-0.0004149485880334458,0.6513069625623679
0,alpha176,-0.21474886253136294,-0.00012317605779478145,0.8534443865160902
0,alpha178,-0.5609643506742066,-0.000443789818026848,0.6122272867533434
0,alpha179,0.7713255817892959,0.00044639654099645635,1.3976080914897233
0,alpha183,0.339575429760349,0.00020671672803219623,1.1235028798313904
0,alpha184,1.3934369397645723,0.0009939236530506442,1.8470901730178835
0,alpha185,-0.9928186793208272,-0.00078454595276667,0.4533033082299594
0,alpha186,1.3195524855630034,0.0008351040087386501,1.9184795364214589
0,alpha187,-0.6104553840045837,-0.00037859722610559263,0.6794556523921154
0,alpha188,-0.5460564464587687,-0.0003780511159321754,0.6637505371029829
0,alpha189,-0.570496689777574,-0.0003650734129044572,0.6817033613204981
0,alpha191,1.1488799576834736,0.0007281356740316451,1.7745022602202911
